<?xml version="1.0" encoding="UTF-8"?>
<beans:beans xmlns="http://www.springframework.org/schema/mvc"
	xmlns:xsi="http://www.w3.org/2001/XMLSchema-instance" xmlns:beans="http://www.springframework.org/schema/beans"
	xmlns:context="http://www.springframework.org/schema/context"
	xsi:schemaLocation="http://www.springframework.org/schema/mvc 
	    http://www.springframework.org/schema/mvc/spring-mvc.xsd
		http://www.springframework.org/schema/beans 
		http://www.springframework.org/schema/beans/spring-beans.xsd
		http://www.springframework.org/schema/context 
		http://www.springframework.org/schema/context/spring-context.xsd">

	<annotation-driven />
	<resources location="/resources/" mapping="/resources/**" />

	<beans:bean id="viewResolver"
		class="org.springframework.web.servlet.view.InternalResourceViewResolver">
		<beans:property value="/WEB-INF/view/" name="prefix" />
		<beans:property value=".jsp" name="suffix" />
	</beans:bean>
	<context:component-scan base-package="com.wrap.controller" />
	<context:property-placeholder location="classpath:wrap.properties" />
	
	<beans:bean id="multipartResolver" class="org.springframework.web.multipart.commons.CommonsMultipartResolver">
		<beans:property name="maxUploadSize" value="100000" />
		<beans:property name="uploadTempDir" ref="uploadDirResource" />
	</beans:bean>

	<beans:bean id="uploadDirResource" class="org.springframework.core.io.FileSystemResource">
		<beans:constructor-arg>
			<beans:value>C:/eSHOP/temp-imgaes</beans:value>
		</beans:constructor-arg>
	</beans:bean>

</beans:beans>